{
  "classification": {
    "factual": [
      0,
      1,
      2,
      4,
      9,
      10,
      11,
      12,
      13,
      14,
      15,
      16,
      17,
      18,
      19,
      21,
      24,
      26,
      28,
      30,
      31,
      32,
      34,
      35,
      36,
      37,
      38,
      40,
      41,
      42,
      43,
      44,
      45,
      47,
      48
    ],
    "hallucinatory": [
      3,
      6,
      7,
      8,
      22,
      23,
      25,
      29,
      33,
      39
    ],
    "ambiguous": [
      5,
      20,
      27,
      46,
      49
    ]
  },
  "scores": [
    0.11128238588571548,
    0.16164621710777283,
    0.2080063372850418,
    0.2643735408782959,
    0.22178630530834198,
    0.38892263174057007,
    0.4197792410850525,
    0.16523554921150208,
    0.17796757817268372,
    0.1231708750128746,
    0.26294395327568054,
    0.11280013620853424,
    0.24046294391155243,
    0.1294863522052765,
    0.27099308371543884,
    0.1466488540172577,
    0.22915223240852356,
    0.11972677707672119,
    0.09192772954702377,
    0.11934832483530045,
    0.12565866112709045,
    0.1038779616355896,
    0.2306019365787506,
    0.2516193985939026,
    0.1114543080329895,
    0.12290620803833008,
    0.10255901515483856,
    0.14211684465408325,
    0.09420690685510635,
    0.216017484664917,
    0.0861714631319046,
    0.09917978197336197,
    0.09195129573345184,
    0.2985149025917053,
    0.09585918486118317,
    0.10971428453922272,
    0.10976165533065796,
    0.11211512982845306,
    0.1381162852048874,
    0.27637019753456116,
    0.12676164507865906,
    0.0941266417503357,
    0.1579691469669342,
    0.1017671599984169,
    0.10854361206293106,
    0.10900725424289703,
    0.12889273464679718,
    0.1199679970741272,
    0.10279879719018936,
    0.17217154800891876
  ],
  "results": {
    "total_prompts": 50,
    "factual_count": 35,
    "hallucinatory_count": 10,
    "ambiguous_count": 5,
    "statistics": {
      "mean": 0.16212880983948708,
      "std": 0.07710161113970387,
      "min": 0.0861714631319046,
      "max": 0.4197792410850525,
      "median": 0.12621015310287476
    },
    "factual_scores": {
      "mean": 0.13500834384134838,
      "std": 0.051054090777685905,
      "min": 0.0861714631319046,
      "max": 0.27099308371543884
    },
    "hallucinatory_scores": {
      "mean": 0.2423386037349701,
      "std": 0.07845631591960775,
      "min": 0.12290620803833008,
      "max": 0.4197792410850525
    },
    "ambiguous_scores": {
      "mean": 0.19155248403549194,
      "std": 0.1000427092979563,
      "min": 0.12565866112709045,
      "max": 0.38892263174057007
    },
    "top_hallucination_candidates": [
      {
        "index": 22,
        "score": 0.2306019365787506,
        "prompt": "What does a unicorn eat for breakfast?"
      },
      {
        "index": 12,
        "score": 0.24046294391155243,
        "prompt": "Who wrote Romeo and Juliet?"
      },
      {
        "index": 23,
        "score": 0.2516193985939026,
        "prompt": "How many dimensions are there in string theory?"
      },
      {
        "index": 10,
        "score": 0.26294395327568054,
        "prompt": "What is 2 + 2?"
      },
      {
        "index": 3,
        "score": 0.2643735408782959,
        "prompt": "How many angels can dance on the head of a pin?"
      },
      {
        "index": 14,
        "score": 0.27099308371543884,
        "prompt": "How do you bake a chocolate cake?"
      },
      {
        "index": 39,
        "score": 0.27637019753456116,
        "prompt": "Explain gradient descent."
      },
      {
        "index": 33,
        "score": 0.2985149025917053,
        "prompt": "Explain the theory of relativity."
      },
      {
        "index": 5,
        "score": 0.38892263174057007,
        "prompt": "Translate 'cat' into Mandarin."
      },
      {
        "index": 6,
        "score": 0.4197792410850525,
        "prompt": "Explain the Borsuk-Ulam theorem."
      }
    ]
  }
}